{
    "model_1_Siddhartha_CNN_acc99": {
        "SHAP": {
            "Faithfulness": [
                0.2571428571428571,
                0.4832007793839728,
                -0.0035714285714285704
            ],
            "Monotonicity": [
                0.6428571428571428,
                0.6428571428571428,
                0.5714285714285714
            ],
            "Completeness": [
                0.4668252140884178,
                0.6091791574507662,
                0.5343875163916684
            ]
        },
        "LIME": {
            "Faithfulness": [
                0.2785714285714285,
                0.557142857142857,
                0.3928571428571428
            ],
            "Monotonicity": [
                0.5,
                0.5714285714285714,
                0.5
            ],
            "Completeness": [
                0.07193991136543043,
                0.4312844202722912,
                0.4481620066622847
            ]
        },
        "Anchors": {
            "Faithfulness": [
                0.18557687223952254,
                0.3177444546511213,
                0.31403842100948387
            ],
            "Monotonicity": [
                0.3571428571428571,
                0.6428571428571428,
                0.7142857142857143
            ],
            "Completeness": [
                0.0,
                0.0,
                0.0
            ]
        }
    },
    "model_2_Ibtissam_LSTM_acc98": {
        "SHAP": {
            "Faithfulness": [
                0.8928571428571428,
                0.8035714285714284,
                0.7142857142857142
            ],
            "Monotonicity": [
                0.2142857142857143,
                0.5714285714285714,
                0.3571428571428571
            ],
            "Completeness": [
                0.3472882129902749,
                0.0,
                0.0
            ]
        },
        "LIME": {
            "Faithfulness": [
                0.5607142857142856,
                0.48214285714285704,
                0.16785714285714282
            ],
            "Monotonicity": [
                0.3571428571428571,
                0.5714285714285714,
                0.5
            ],
            "Completeness": [
                0.960363536880207,
                0.0,
                0.0
            ]
        },
        "Anchors": {
            "Faithfulness": [
                0.4330127018922193,
                0.4085285845514416,
                0.2723523897009611
            ],
            "Monotonicity": [
                0.1428571428571429,
                0.5714285714285714,
                0.4285714285714286
            ],
            "Completeness": [
                0.4595835723226622,
                0.0,
                0.0
            ]
        }
    }
}