{
    "model_1_Siddhartha_CNN_acc99": {
        "SHAP": {
            "Faithfulness": [
                0.08928571428571427,
                -0.04647008111181005,
                0.39641248358604597,
                0.7785714285714285,
                0.5142857142857142,
                0.6672897830612876,
                0.2071428571428571,
                0.47857142857142854,
                0.5678571428571427,
                0.4039322435103489,
                0.6178571428571428,
                0.7035714285714285,
                0.028571428571428564,
                0.7749999999999999,
                0.782142857142857,
                -0.007142857142857141,
                0.29010186298797,
                0.6892857142857142,
                -0.1608579730793425,
                0.3428571428571428,
                0.7214285714285712,
                0.38214285714285706,
                0.5464285714285714,
                -0.06428571428571428,
                0.7392857142857142,
                0.5591433765314701,
                0.6142857142857142,
                0.4964285714285714,
                0.7571428571428571,
                0.4108274829891749
            ],
            "Monotonicity": [
                0.4285714285714286,
                0.5714285714285714,
                0.4285714285714286,
                0.5,
                0.2857142857142857,
                0.2857142857142857,
                0.5,
                0.7857142857142857,
                0.5,
                0.6428571428571428,
                0.4285714285714286,
                0.5,
                0.2857142857142857,
                0.2142857142857143,
                0.5714285714285714,
                0.4285714285714286,
                0.2857142857142857,
                0.3571428571428571,
                0.6428571428571428,
                0.6428571428571428,
                0.5714285714285714,
                0.2857142857142857,
                0.6428571428571428,
                0.5714285714285714,
                0.4285714285714286,
                0.2857142857142857,
                0.4285714285714286,
                0.3571428571428571,
                0.4285714285714286,
                0.6428571428571428
            ],
            "Completeness": [
                0.0,
                0.3701895599307016,
                0.12879288999414218,
                0.12890853147022108,
                0.27345257274304835,
                0.6322378929627861,
                0.0,
                0.12889960050373328,
                0.2546571704602466,
                0.4141252756936017,
                0.3431180018350748,
                0.02338403252632304,
                0.3202880909940363,
                0.588992961031285,
                0.12328957957112929,
                0.6321601546002882,
                0.6319581557320735,
                0.0,
                0.0,
                0.1289020300402277,
                0.1289081206362106,
                0.0,
                0.12859044144198994,
                0.0,
                0.10874831897528403,
                0.6309641317404451,
                0.0,
                0.0,
                0.0,
                0.1289075854001478
            ]
        },
        "LIME": {
            "Faithfulness": [
                0.6357142857142856,
                0.06785714285714285,
                0.36785714285714277,
                0.3214285714285714,
                0.3428571428571428,
                0.6041110544535307,
                -0.42499999999999993,
                0.11071428571428568,
                0.6535714285714285,
                0.1464285714285714,
                0.24642857142857136,
                0.36428571428571427,
                0.017857142857142853,
                0.35357142857142854,
                0.1928571428571428,
                -0.035714285714285705,
                0.37857142857142856,
                -0.04285714285714285,
                0.1607142857142857,
                0.5357142857142856,
                0.0,
                0.10714285714285714,
                0.28571428571428564,
                0.46071428571428563,
                0.010714285714285713,
                0.3285714285714285,
                0.6,
                0.2321428571428571,
                0.08214285714285713,
                0.5107142857142856
            ],
            "Monotonicity": [
                0.3571428571428571,
                0.4285714285714286,
                0.6428571428571428,
                0.5714285714285714,
                0.3571428571428571,
                0.3571428571428571,
                0.5714285714285714,
                0.6428571428571428,
                0.3571428571428571,
                0.4285714285714286,
                0.5,
                0.5,
                0.6428571428571428,
                0.2142857142857143,
                0.5714285714285714,
                0.5,
                0.3571428571428571,
                0.5,
                0.6428571428571428,
                0.7142857142857143,
                0.5,
                0.2142857142857143,
                0.7142857142857143,
                0.5,
                0.6428571428571428,
                0.4285714285714286,
                0.4285714285714286,
                0.2857142857142857,
                0.3571428571428571,
                0.7142857142857143
            ],
            "Completeness": [
                0.0,
                0.04650125969915064,
                0.6930058050970564,
                0.8572254167061292,
                0.0,
                0.9311623249990667,
                0.0,
                0.43986720190216233,
                0.0,
                0.0,
                0.0,
                0.0,
                0.18532576063852657,
                0.6762063895977517,
                0.9675527099101416,
                0.7346808893703608,
                0.1468379523772798,
                0.0,
                0.0,
                0.0,
                0.44455297672485483,
                0.0,
                0.6555898237960094,
                0.0,
                0.8016912429752352,
                0.41995486197577214,
                0.0,
                0.0,
                0.0,
                0.8641907484790015
            ]
        },
        "Anchors": {
            "Faithfulness": [
                0.21650635094610965,
                0.0314970394174356,
                0.5900968443520823,
                0.3838247367893692,
                0.22912878474779197,
                0.5906244232186183,
                0.42433421239575275,
                0.27003086243366087,
                -0.0944911182523068,
                0.3711537444790451,
                -0.31403842100948387,
                0.18557687223952254,
                0.5237229365663817,
                0.4330127018922193,
                0.0,
                0.4330127018922193,
                0.40208322318563217,
                0.23145502494313785,
                -0.18557687223952254,
                0.4085285845514416,
                0.49931271445176195,
                0.06546536707079771,
                0.5447047794019222,
                0.27003086243366087,
                0.16366341767699427,
                0.6629699999089106,
                0.5582905262390825,
                0.49931271445176195,
                0.4629100498862757,
                0.5900968443520823
            ],