{
    "model_1_Siddhartha_CNN_acc99": {
        "SHAP": {
            "Faithfulness": [
                0.08928571428571427,
                -0.04647008111181005,
                0.39641248358604597,
                0.7785714285714285,
                0.5142857142857142,
                0.6672897830612876,
                0.2071428571428571,
                0.47857142857142854,
                0.5678571428571427,
                0.4039322435103489,
                0.6178571428571428,
                0.7035714285714285,
                0.028571428571428564,
                0.7749999999999999,
                0.782142857142857,
                -0.007142857142857141,
                0.29010186298797,
                0.6892857142857142,
                -0.1608579730793425,
                0.3428571428571428,
                0.7214285714285712,
                0.38214285714285706,
                0.5464285714285714,
                -0.06428571428571428,
                0.7392857142857142,
                0.5591433765314701,
                0.6142857142857142,
                0.4964285714285714,
                0.7571428571428571,
                0.4108274829891749
            ],
            "Monotonicity": [
                0.4285714285714286,
                0.5714285714285714,
                0.4285714285714286,
                0.5,
                0.2857142857142857,
                0.2857142857142857,
                0.5,
                0.7857142857142857,
                0.5,
                0.6428571428571428,
                0.4285714285714286,
                0.5,
                0.2857142857142857,
                0.2142857142857143,
                0.5714285714285714,
                0.4285714285714286,
                0.2857142857142857,
                0.3571428571428571,
                0.6428571428571428,
                0.6428571428571428,
                0.5714285714285714,
                0.2857142857142857,
                0.6428571428571428,
                0.5714285714285714,
                0.4285714285714286,
                0.2857142857142857,
                0.4285714285714286,
                0.3571428571428571,
                0.4285714285714286,
                0.6428571428571428
            ],
            "Completeness": [
                0.0,
                0.37018960468655204,
                0.12879295190422246,
                0.12890859337208438,
                0.27345262437326256,
                0.6322379190968493,
                0.0,
                0.12889966240623052,
                0.2546572234261075,
                0.414125317327274,
                0.3431180485146954,
                0.023384101927011458,
                0.3202881392960055,
                0.5889929902384374,
                0.12328964187229008,
                0.6321601807398756,
                0.6319581818860155,
                0.0,
                0.0,
                0.12890209194255087,
                0.128908182538105,
                0.0,
                0.1285905033664584,
                0.0,
                0.10874838230977779,
                0.6309641579650249,
                0.0,
                0.0,
                0.0,
                0.12890764730207938
            ]
        },
        "LIME": {
            "Faithfulness": [
                0.6357142857142856,
                0.06785714285714285,
                0.36785714285714277,
                0.3214285714285714,
                0.3428571428571428,
                0.6041110544535307,
                -0.42499999999999993,
                0.11071428571428568,
                0.6535714285714285,
                0.1464285714285714,
                0.24642857142857136,
                0.36428571428571427,
                0.017857142857142853,
                0.35357142857142854,
                0.1928571428571428,
                -0.035714285714285705,
                0.37857142857142856,
                -0.04285714285714285,
                0.1607142857142857,
                0.5357142857142856,
                0.0,
                0.10714285714285714,
                0.28571428571428564,
                0.46071428571428563,
                0.010714285714285713,
                0.3285714285714285,
                0.6,
                0.2321428571428571,
                0.08214285714285713,
                0.5107142857142856
            ],
            "Monotonicity": [
                0.3571428571428571,
                0.4285714285714286,
                0.6428571428571428,
                0.5714285714285714,
                0.3571428571428571,
                0.3571428571428571,
                0.5714285714285714,
                0.6428571428571428,
                0.3571428571428571,
                0.4285714285714286,
                0.5,
                0.5,
                0.6428571428571428,
                0.2142857142857143,
                0.5714285714285714,
                0.5,
                0.3571428571428571,
                0.5,
                0.6428571428571428,
                0.7142857142857143,
                0.5,
                0.2142857142857143,
                0.7142857142857143,
                0.5,
                0.6428571428571428,
                0.4285714285714286,
                0.4285714285714286,
                0.2857142857142857,
                0.3571428571428571,
                0.7142857142857143
            ],
            "Completeness": [
                0.0,
                0.04650087626057331,
                0.6930058401198058,
                0.8572253834342207,
                0.0,
                0.9311623292247391,
                0.0,
                0.43986727977647777,
                0.0,
                0.0,
                0.0,
                0.0,
                0.1853260614307234,
                0.6762064648556538,
                0.9675523404642971,
                0.7346810782507984,
                0.14683795668900768,
                0.0,
                0.0,
                0.0,
                0.4445533202681371,
                0.0,
                0.6555895821495389,
                0.0,
                0.8016905847000593,
                0.4199548737274138,
                0.0,
                0.0,
                0.0,
                0.8641904432328354
            ]
        },
        "Anchors": {
            "Faithfulness": [
                0.21650635094610965,
                0.0314970394174356,
                0.5900968443520823,
                0.3838247367893692,
                0.22912878474779197,
                0.5906244232186183,
                0.42433421239575275,
                0.27003086243366087,
                -0.0944911182523068,
                0.3711537444790451,
                -0.31403842100948387,
                0.18557687223952254,
                0.5237229365663817,
                0.4330127018922193,
                NaN,
                0.4330127018922193,
                0.40208322318563217,
                0.23145502494313785,
                -0.18557687223952254,
                0.4085285845514416,
                0.49931271445176195,
                0.06546536707079771,
                0.5447047794019222,
                0.27003086243366087,
                0.16366341767699427,
                0.6629699999089106,
                0.5582905262390825,
                0.49931271445176195,
                0.4629100498862757,
                0.5900968443520823
            ],